date,region,price_index,CLS_ID,CLS_NM,CLS_FULLNM,WRTTIME_DESC,WRTTIME_IDTFR_ID,mom_pct,yoy_pct,base_rate,loan_rate,household_loan,price_yoy,loan_yoy,base_rate_lag3,loan_rate_lag3,construction_start_area_sqm,completion_proxy_sqm,completion_proxy_yoy,sale_listings,jeonse_listings,wolse_listings,total_listings,sale_share_pct,total_listings_yoy,sale_listings_yoy
2015-01-01,서울,77.8736567994102,500007,서울,서울,2015년 1월,201501,,,2.0,2.09,520054.3,,,,,7573378.0,4459485.449140159,1984.0577806275583,,,,,,,
2015-02-01,서울,78.4940604721268,500007,서울,서울,2015년 2월,201502,0.7966797736424169,,2.0,2.04,523445.6,,,,,7242589.0,5037232.832345537,1513.4392602144792,,,,,,,
2015-03-01,서울,79.3663877105405,500007,서울,서울,2015년 3월,201503,1.111328975933734,,1.75,1.92,527436.2,,,,,13221900.0,5598856.820654345,1159.0888538577267,,,,,,,
2015-04-01,서울,80.1505104156247,500007,서울,서울,2015년 4월,201504,0.9879783214324922,,1.75,1.78,536171.1,,,2.0,2.09,13790440.0,6130877.135905803,891.3678957634511,,,,,,,
2015-05-01,서울,80.8220910984662,500007,서울,서울,2015년 5월,201505,0.8378994461282874,,1.75,1.75,537792.3,,,2.0,2.04,13070641.0,6622458.27952291,688.3319196899052,,,,,,,
2015-06-01,서울,81.3711558450401,500007,서울,서울,2015년 6월,201506,0.6793498400146092,,1.5,1.67,527229.6,,,1.75,1.92,15749127.0,7066172.371251461,533.6619677349677,,,,,,,
2015-07-01,서울,82.429328880868,500007,서울,서울,2015년 7월,201507,1.3004276820683724,,1.5,1.57,528315.2,,,1.75,1.78,12217332.0,7458071.2376686875,415.3281693417821,,,,,,,
2015-08-01,서울,83.1629497653346,500007,서울,서울,2015년 8월,201508,0.8899998270359255,,1.5,1.55,536144.7,,,1.75,1.75,13205161.0,7797896.431843203,324.40787296715916,,,,,,,
2015-09-01,서울,83.8345669746367,500007,서울,서울,2015년 9월,201509,0.8075918557449491,,1.5,1.54,541547.6,,,1.5,1.67,11045955.0,8088369.378523011,254.25216143056088,,,,,,,
2015-10-01,서울,84.3794157392373,500007,서울,서울,2015년 10월,201510,0.6499094398202621,,1.5,1.58,550156.7,,,1.5,1.57,18130550.0,8334840.495110605,199.91267390483708,,,,,,,
2015-11-01,서울,84.7230972410738,500007,서울,서울,2015년 11월,201511,0.4073049082238267,,1.5,1.66,556491.8,,,1.5,1.55,15959604.0,8544004.145406011,157.69125241249066,,,,,,,
2015-12-01,서울,84.3693606870351,500007,서울,서울,2015년 12월,201512,-0.4175208007707431,,1.5,1.72,563727.8,,,1.5,1.54,11411757.0,8723416.658042174,124.80154015725687,,,,,,,
2016-01-01,서울,84.2324509449903,500007,서울,서울,2016년 1월,201601,-0.1622742437893509,8.165526581035376,1.5,1.65,564643.7,8.165526581035376,8.573989293041118,1.5,1.58,6938027.0,8880765.49746021,99.14327782306198,,,,,,,
2016-02-01,서울,84.4078727152855,500007,서울,서울,2016년 2월,201602,0.2082591309253922,7.534088831165375,1.5,1.58,565824.6,7.534088831165375,8.096161282089298,1.5,1.66,8886058.0,9023456.756405735,79.1351930064359,,,,,,,
2016-03-01,서울,84.4373118865976,500007,서울,서울,2016년 3월,201603,0.0348772814253939,6.38925913391879,1.5,1.56,569313.2,6.38925913391879,7.939728065688323,1.5,1.72,12687071.0,9158162.060530435,63.5719996758215,,,,,,,
2016-04-01,서울,84.7751491369374,500007,서울,서울,2016년 4월,201604,0.4001042226374096,5.769942945255613,1.5,1.56,573976.1,5.769942945255613,7.050920872087296,1.5,1.65,14455683.0,9290667.592551934,51.538962314880735,,,,,,,
2016-05-01,서울,85.4831013314455,500007,서울,서울,2016년 5월,201605,0.8350940124735695,5.76700029612045,1.5,1.54,580526.9,5.76700029612045,7.946301945937106,1.5,1.58,13279957.0,9425888.411256928,42.33216750345434,,,,,,,
2016-06-01,서울,86.514191751721,500007,서울,서울,2016년 6월,201606,1.2061921060603886,6.320465591609747,1.25,1.44,586682.0,6.320465591609747,11.276377502325374,1.5,1.56,12792811.0,9567998.91554615,35.405682353197406,,,,,,,
2016-07-01,서울,87.9014754205626,500007,서울,서울,2016년 7월,201607,1.6035330629023736,6.638591644490144,1.25,1.32,591874.6,6.638591644490144,12.03058325787334,1.5,1.56,12917242.0,9720440.511071268,30.334508766502122,,,,,,,
2016-08-01,서울,89.1710508123512,500007,서울,서울,2016년 8월,201608,1.4443163618293564,7.2244924740764604,1.25,1.31,599211.8,7.2244924740764604,11.763074408830333,1.5,1.54,11521915.0,9885860.990481526,26.775997564060837,,,,,,,
2016-09-01,서울,90.3578247160612,500007,서울,서울,2016년 9월,201609,1.3308959498609108,7.781107455827918,1.25,1.35,603924.0,7.781107455827918,11.518174948979553,1.25,1.44,11380596.0,10066074.370847704,24.451220014457785,,,,,,,
2016-10-01,서울,91.5537625152836,500007,서울,서울,2016년 10월,201610,1.323557536915576,8.50248453748199,1.25,1.41,609446.9,8.50248453748199,10.776965908076752,1.25,1.32,11797166.0,10261816.082380475,23.119525663391816,,,,,,,
2016-11-01,서울,91.7711334913011,500007,서울,서울,2016년 11월,201611,0.2374244051206675,8.31890768838701,1.25,1.51,616512.9,8.31890768838701,10.785621638989106,1.25,1.31,15325220.0,10472561.866120145,22.572059749656038,,,,,,,
2016-12-01,서울,91.2213633668311,500007,서울,서울,2016년 12월,201612,-0.599066507685786,8.121434871615584,1.25,1.56,617420.3,8.121434871615584,9.52454358291359,1.25,1.35,11883789.0,10696081.37037218,22.613441380349443,,,,,,,
2017-01-01,서울,90.9502512975121,500007,서울,서울,2017년 1월,201701,-0.2972023869329487,7.975311506617544,1.25,1.51,615331.5,7.975311506617544,8.97695307678099,1.25,1.41,7980861.0,10928542.192959135,23.058560617151347,,,,,,,
2017-02-01,서울,90.9747119940467,500007,서울,서울,2017년 2월,201702,0.026894589278914,7.779889561856002,1.25,1.49,616574.5,7.779889561856002,8.969192926571235,1.25,1.51,9129261.0,11164547.17228642,23.728050941904577,,,,,,,
2017-03-01,서울,91.6735888095227,500007,서울,서울,2017년 3월,201703,0.7682099785286889,8.569999164165342,1.25,1.49,618472.4,8.569999164165342,8.634825259628641,1.25,1.56,11484361.0,11397553.154373888,24.452407361240212,,,,,,,
2017-04-01,서울,91.9257550987314,500007,서울,서울,2017년 4월,201704,0.2750697256247436,8.434790188624275,1.25,1.48,621098.2,8.434790188624275,8.209766922350937,1.25,1.51,10251029.0,11620101.343261026,25.072834944353552,,,,,,,
2017-05-01,서울,93.3552576464832,500007,서울,서울,2017년 5월,201705,1.5550620674439577,9.20902048758716,1.25,1.48,625663.6,9.20902048758716,7.775126355040562,1.25,1.49,10346829.0,11824746.72952102,25.449678731600933,,,,,,,
2017-06-01,서울,95.2586149181268,500007,서울,서울,2017년 6월,201706,2.0388324338959096,10.10750142762773,1.25,1.49,630477.2,10.10750142762773,7.464895803859672,1.25,1.49,12010424.0,12004853.411384962,25.4687998749602,,,,,,,
2017-07-01,서울,97.7134968544175,500007,서울,서울,2017년 7월,201707,2.577070786091773,11.162521888181631,1.25,1.48,635026.2,11.162521888181631,7.290665962012888,1.25,1.48,9906057.0,12155105.861244392,25.046862304235272,,,,,,,
2017-08-01,서울,98.0295054555908,500007,서울,서울,2017년 8월,201708,0.3234032261112407,9.934227041779575,1.25,1.48,640923.0,9.934227041779575,6.961011114934634,1.25,1.48,11399677.0,12272347.615543988,24.140402412700922,,,,,,,
2017-09-01,서울,98.2501913167343,500007,서울,서울,2017년 9월,201709,0.2251218754168782,8.73456905970671,1.25,1.53,645459.2,8.73456905970671,6.877554129327534,1.25,1.49,11405811.0,12355592.227586532,22.744893117117094,,,,,,,
2017-10-01,서울,99.3509229048414,500007,서울,서울,2017년 10월,201710,1.120335312690246,8.51648274778023,1.25,1.63,651249.3,8.51648274778023,6.859071725526866,1.25,1.48,8765662.0,12406064.345269253,20.89540726198016,,,,,,,
2017-11-01,서울,100.0,500007,서울,서울,2017년 11월,201711,0.6533176302552235,8.966726459229047,1.5,1.79,657251.6,8.966726459229047,6.607923370297675,1.25,1.48,13288978.0,12426833.707989514,18.660876553917973,,,,,,,
2017-12-01,서울,100.956853580639,500007,서울,서울,2017년 12월,201712,0.9568535806390166,10.672379642757912,1.5,1.81,660677.8,10.672379642757912,7.006167435699795,1.25,1.53,11832347.0,12422067.574097795,16.136621852060173,,,,,,,
2018-01-01,서울,103.073786845004,500007,서울,서울,2018년 1월,201801,2.096869295430337,13.329853820671666,1.5,1.8,662924.0,13.329853820671666,7.734448829614604,1.25,1.63,8213988.0,12396319.838111605,13.430681048183235,,,,,,,
2018-02-01,서울,104.858315705149,500007,서울,서울,2018년 2월,201802,1.7313120190572515,15.260948242420191,1.5,1.8,665133.2,15.260948242420191,7.87556086085297,1.5,1.79,6982354.0,12354021.413470449,10.654030323205976,,,,,,,
2018-03-01,서울,106.195025410643,500007,서울,서울,2018년 3월,201803,1.2747770136349423,15.8403710269188,1.5,1.85,668858.6,15.8403710269188,8.146879311025025,1.5,1.81,13431681.0,12298771.335450316,7.907119790273409,,,,,,,
2018-04-01,서울,107.577917673234,500007,서울,서울,2018년 4월,201804,1.3022194375334584,17.026961114098693,1.5,1.82,673131.6,17.026961114098693,8.377644630108417,1.5,1.8,11498313.0,12233006.851316113,5.274528078109553,,,,,,,
2018-05-01,서울,108.109840703,500007,서울,서울,2018년 5월,201805,0.4944537329507614,15.804769252942696,1.5,1.84,677460.0,15.804769252942696,8.278634077481906,1.5,1.8,13370763.0,12158327.355284104,2.8210382293456293,,,,,,,
2018-06-01,서울,108.720937321883,500007,서울,서울,2018년 6월,201806,0.5652553134009475,14.132393605897844,1.5,1.87,681706.3,14.132393605897844,8.125448469825724,1.5,1.85,10404712.0,12075388.770717755,0.5875570231111737,,,,,,,
2018-07-01,서울,110.396276712286,500007,서울,서울,2018년 7월,201807,1.5409537773234394,12.979557856541014,1.5,1.82,685639.9,12.979557856541014,7.97033256265649,1.5,1.82,9332394.0,11984460.334321272,-1.4038999649292228,,,,,,,
2018-08-01,서울,115.164041936972,500007,서울,서울,2018년 8월,201808,4.3187735734165456,17.478958403134513,1.5,1.81,691369.4,17.478958403134513,7.870898688297978,1.5,1.84,9475264.0,11885935.732361777,-3.148638673604609,,,,,,,
2018-09-01,서울,121.732500632714,500007,서울,서울,2018년 9월,201809,5.703567350768091,23.900522738198585,1.5,1.84,695920.8,23.900522738198585,7.817937988954227,1.5,1.87,8811270.0,11780614.565979905,-4.653582369956045,,,,,,,
2018-10-01,서울,122.580612723286,500007,서울,서울,2018년 10월,201810,0.6967014446954467,23.381453477482104,1.5,1.93,702490.3,23.381453477482104,7.868108265145168,1.5,1.82,10553825.0,11670033.538696222,-5.93283080023439,,,,,,,
2018-11-01,서울,120.788547457264,500007,서울,서울,2018년 11월,201811,-1.4619483670451294,20.788547457263995,1.75,1.96,708809.7,20.788547457263995,7.844499731913923,1.5,1.81,10113419.0,11556414.990818521,-7.004348312888253,,,,,,,
2018-12-01,서울,119.382992139445,500007,서울,서울,2018년 12월,201812,-1.1636494911210882,18.251498442439228,1.75,2.05,713084.9,18.251498442439228,7.932323441169053,1.5,1.84,9032753.0,11442681.454922214,-7.884244014400421,,,,,,,
2019-01-01,서울,118.118875402774,500007,서울,서울,2019년 1월,201901,-1.058875065884135,14.596425549391975,1.75,2.0,713743.0,14.596425549391975,7.665886285607404,1.5,1.93,8015848.0,11331902.554760618,-8.58655873074936,,,,,,,
2019-02-01,서울,117.261054876682,500007,서울,서울,2019년 2월,201902,-0.7262349249151812,11.828093068372604,1.75,1.93,716032.7,11.828093068372604,7.652527343395277,1.75,1.96,7472590.0,11227031.334353743,-9.122455283166907,,,,,,,
2019-03-01,서울,116.253044825223,500007,서울,서울,2019년 3월,201903,-0.8596290153786157,9.47127172453408,1.75,1.95,718745.2,9.47127172453408,7.458467305346739,1.75,2.05,10659525.0,11130695.445924858,-9.497500666254066,,,,,,,
2019-04-01,서울,116.307175599939,500007,서울,서울,2019년 4월,201904,0.0465628877053259,8.114358518464693,1.75,1.88,722700.1,8.114358518464693,7.363864658857189,1.75,2.0,11014065.0,11044570.72706635,-9.71499598336204,,,,,,,
2019-05-01,서울,117.392748772897,500007,서울,서울,2019년 5월,201905,0.933367324379053,8.586552352249832,1.75,1.86,727411.6,8.586552352249832,7.373365217134586,1.75,1.93,11100662.0,10969573.190883413,-9.777283746880272,,,,,,,
2019-06-01,서울,119.828583278123,500007,서울,서울,2019년 6월,201906,2.074944603212492,10.216657646497596,1.75,1.79,732050.7,10.216657646497596,7.385057171981524,1.75,1.95,9165649.0,10905481.910406979,-9.688357721018015,,,,,,,
2019-07-01,서울,122.386555554748,500007,서울,서울,2019년 7월,201907,2.134692914367453,10.861126117243058,1.5,1.69,738213.3,10.861126117243058,7.66778596169797,1.75,1.88,8936557.0,10851145.284219896,-9.456538037476502,,,,,,,
2019-08-01,서울,124.1285252755,500007,서울,서울,2019년 8월,201908,1.423334215801786,7.784099262019795,1.5,1.52,745805.3,7.784099262019795,7.873634557734266,1.75,1.86,7997189.0,10804751.78892662,-9.096330047380475,,,,,,,
2019-09-01,서울,125.514330175098,500007,서울,서울,2019년 9월,201909,1.1164274259459983,3.1066720249133484,1.5,1.57,750704.1,3.1066720249133484,7.87205957919348,1.75,1.79,6831131.0,10763784.034755465,-8.631387823864866,,,,,,,
2019-10-01,서울,127.534898928292,500007,서울,서울,2019년 10월,201910,1.609831124760985,4.041655605189232,1.25,1.55,758262.3,4.041655605189232,7.939184355997519,1.5,1.69,10545954.0,10725646.12365034,-8.092413889938044,,,,,,,
2019-11-01,서울,129.950088584013,500007,서울,서울,2019년 11월,201911,1.893748045449884,7.584776305046992,1.25,1.62,764609.8,7.584776305046992,7.872366870825842,1.5,1.52,9794395.0,10687371.366717262,-7.520010529145127,,,,,,,
2019-12-01,서울,132.218916121444,500007,서울,서울,2019년 12월,201912,1.745922270737199,10.75188663977029,1.25,1.6,767718.8,10.75188663977029,7.661626266381472,1.5,1.57,8137742.0,10646421.84748344,-6.958680188516942,,,,,,,
2020-01-01,서울,133.35866946729,500007,서울,서울,2020년 1월,202001,0.862019882842735,12.902081917517227,1.25,1.54,768736.4,12.902081917517227,7.704930205970495,1.25,1.55,6257591.0,10600417.244075965,-6.455097077916106,,,,,,,
2020-02-01,서울,135.309839627372,500007,서울,서울,2020년 2월,202002,1.463099600405493,15.391968603447314,1.25,1.43,772063.2,15.391968603447314,7.8251314500022096,1.25,1.62,7815324.0,10547489.152763495,-6.052732564403806,,,,,,,
2020-03-01,서울,136.357776027364,500007,서울,서울,2020년 3월,202003,0.7744716887388758,17.29393946830968,0.75,1.27,780604.9,17.29393946830968,8.606624433804932,1.25,1.6,12300748.0,10486355.862113569,-5.788852879333728,,,,,,,
2020-04-01,서울,135.234318029533,500007,서울,서울,2020년 4월,202004,-0.8239046063684308,16.273409041156285,0.75,1.2,785729.9,16.273409041156285,8.721432306429744,1.25,1.54,10655929.0,10416411.296076925,-5.687495209297966,,,,,,,
2020-05-01,서울,135.876575646136,500007,서울,서울,2020년 5월,202005,0.4749220656126152,15.745288415553691,0.5,1.07,789444.8,15.745288415553691,8.527936590508055,1.25,1.43,11156077.0,10337971.963529568,-5.75775571540701,,,,,,,
2020-06-01,서울,140.977537499384,500007,서울,서울,2020년 6월,202006,3.75411422387657,17.64934011793673,0.5,0.89,794967.3,17.64934011793673,8.594568654875957,0.75,1.27,10378334.0,10252047.591520859,-5.991796825251294,,,,,,,
2020-07-01,서울,148.210120118535,500007,서울,서울,2020년 7월,202007,5.130308521088045,21.10000109630929,0.5,0.82,800828.5,21.100001096309292,8.481992941606432,0.75,1.2,10742804.0,10160279.613208337,-6.366753489295185,,,,,,,
2020-08-01,서울,152.979708196686,500007,서울,서울,2020년 8월,202008,3.2181257759837267,23.24299177578366,0.5,0.81,811881.2,23.24299177578366,8.859671552347503,0.5,1.07,8672910.0,10064733.723701375,-6.849005693806509,,,,,,,
2020-09-01,서울,155.084979204554,500007,서울,서울,2020년 9월,202009,1.376176639820259,23.559580000310444,0.5,0.88,820959.0,23.559580000310444,9.358534208085455,0.5,0.89,10904098.0,9967851.572358526,-7.394541360426143,,,,,,,
2020-10-01,서울,156.361286371114,500007,서울,서울,2020년 10월,202010,0.8229727811850607,22.602744570354805,0.5,0.88,830864.1,22.602744570354805,9.574760607246311,0.5,0.82,9320325.0,9871899.57937113,-7.959861200311991,,,,,,,
2020-11-01,서울,159.317910804271,500007,서울,서울,2020년 11월,202011,1.8908928813361257,22.599309119571444,0.5,0.9,843887.8,22.599309119571444,10.368425829750016,0.5,0.81,12431860.0,9779064.100439543,-8.498883730253636,,,,,,,
2020-12-01,서울,162.681595107407,500007,서울,서울,2020년 12월,202012,2.1113032967576384,23.03957699818291,0.5,0.9,849869.4,23.03957699818291,10.700610692352464,0.5,0.88,13063740.0,9691041.629635219,-8.973721232679221,,,,,,,
2021-01-01,서울,167.844975533365,500007,서울,서울,2021년 1월,202101,3.173917997637643,25.859815641407337,0.5,0.87,856522.3,25.859815641407337,11.41950608817275,0.5,0.88,7640798.0,9609154.806381308,-9.351164344484875,,,,,,,
2021-02-01,서울,170.172851741178,500007,서울,서울,2021년 2월,202102,1.3869204010520164,25.76531921833236,0.5,0.85,863052.5,25.76531921833236,11.785213956577657,0.5,0.9,10281640.0,9534483.408719348,-9.604235940633654,,,,,,,
2021-03-01,서울,171.056146530636,500007,서울,서울,2021년 3월,202103,0.5190574057026609,25.446565288882983,0.5,0.86,868519.9,25.446565288882983,11.26241969529016,0.5,0.9,13154816.0,9467815.057549527,-9.713010105292675,,,,,,,
2021-04-01,서울,172.052127844742,500007,서울,서울,2021년 4월,202104,0.5822540343077387,27.22519723667225,0.5,0.84,881386.1,27.22519723667225,12.174183520316584,0.5,0.87,12006327.0,9409983.835020512,-9.661940494184007,,,,,,,
2021-05-01,서울,175.666428552841,500007,서울,서울,2021년 5월,202105,2.100700963931424,29.28382078919174,0.5,0.83,877599.4,29.28382078919174,11.166657884123122,0.5,0.85,12571458.0,9362174.36755277,-9.4389653930116,,,,,,,
2021-06-01,서울,179.925482862902,500007,서울,서울,2021년 6월,202106,2.424512381305588,27.627057511689166,0.5,0.94,880906.2,27.627057511689166,10.810369181222912,0.5,0.86,10969332.0,9325749.181693528,-9.035252729351772,,,,,,,
2021-07-01,서울,183.924222990322,500007,서울,서울,2021년 7월,202107,2.222442348795539,24.096939428443665,0.5,0.97,889869.0,24.096939428443665,11.118547853878823,0.5,0.84,10615761.0,9302433.321379002,-8.443136650630523,,,,,,,
2021-08-01,서울,187.449857404758,500007,서울,서울,2021년 8월,202108,1.9168950979455923,22.532497685087584,0.75,1.03,895458.4,22.532497685087584,10.294264727401004,0.5,0.83,9072363.0,9294141.367742546,-7.656361083295882,,,,,,,
2021-09-01,서울,190.394667010131,500007,서울,서울,2021년 9월,202109,1.5709852470115804,22.76796114406685,0.75,1.17,901963.8,22.76796114406685,9.867094459041192,0.5,0.94,11496673.0,9302680.304590179,-6.673165856651686,,,,,,,
2021-10-01,서울,190.841676615905,500007,서울,서울,2021년 10월,202110,0.2347805286742721,22.051743781995924,0.75,1.29,907394.6,22.051743781995924,9.210952789992977,0.5,0.97,11721240.0,9329472.640106287,-5.49465616929824,,,,,,,
2021-11-01,서울,187.87028748739,500007,서울,서울,2021년 11월,202111,-1.5569917332550642,17.921636392908024,1.0,1.57,910489.9,17.921636392908024,7.892293264578543,0.75,1.03,11543841.0,9375274.606346706,-4.129122070839964,,,,,,,
2021-12-01,서울,184.594937750303,500007,서울,서울,2021년 12월,202112,-1.7434101905586583,13.47008100604632,1.0,1.7,910104.9,13.47008100604632,7.087618403486462,0.75,1.17,14224754.0,9439884.413087385,-2.591643149894174,,,,,,,
2022-01-01,서울,183.796132343114,500007,서울,서울,2022년 1월,202201,-0.4327341892059411,9.503505695693692,1.25,1.65,909297.2,9.503505695693692,6.161532513514234,0.75,1.29,7309396.0,9522081.44027664,-0.9061501022633478,,,,,,,
2022-02-01,서울,181.742557611927,500007,서울,서울,2022년 2월,202202,-1.1173111778834175,6.798796489786629,1.25,1.7,908074.0,6.798796489786629,5.2165424467225385,1.0,1.57,7294384.0,9619819.498047188,0.8950258306580139,,,,,,,
2022-03-01,서울,184.584143155102,500007,서울,서울,2022년 3월,202203,1.5635223695060985,7.908512438074333,1.25,1.74,905600.2,7.908512438074333,4.269366769834515,1.0,1.7,11636344.0,9730230.180566538,2.771654509746302,,,,,,,
2022-04-01,서울,185.487292643167,500007,서울,서울,2022년 4월,202204,0.4892887723871864,7.808775727870532,1.5,1.87,906130.3,7.808775727870532,2.8074189052902154,1.25,1.65,11115491.0,9849767.164566953,4.673582200106741,,,,,,,
2022-05-01,서울,183.266337145198,500007,서울,서울,2022년 5월,202205,-1.1973626151531414,4.3263295411456015,1.75,2.02,905727.1,4.3263295411456015,3.205072838472756,1.25,1.7,10958480.0,9974962.332170513,6.545359449205845,,,,,,,
2022-06-01,서울,183.341033590008,500007,서울,서울,2022년 6월,202206,0.0407584098496061,1.8983140535510312,1.75,2.41,905484.4,1.8983140535510312,2.7901040996192394,1.25,1.74,10139810.0,10102193.2015567,8.32580851935556,,,,,,,
2022-07-01,서울,176.325093229642,500007,서울,서울,2022년 7월,202207,-3.826715832777096,-4.13166337588925,2.25,2.93,904032.0,-4.13166337588925,1.5915825812563344,1.5,1.87,,10228046.442356382,9.950225806511504,,,,,,,
2022-08-01,서울,170.861491423657,500007,서울,서울,2022년 8월,202208,-3.098595727874831,-8.849495118730333,2.5,2.98,903809.1,-8.849495118730333,0.932561467958748,1.75,2.02,,10349636.230553575,11.356561311563063,,,,,,,
2022-09-01,서울,166.357711820306,500007,서울,서울,2022년 9월,202209,-2.6359243184783554,-12.624804868376891,2.5,3.38,902946.1,-12.624804868376891,0.1089068097854806,1.75,2.41,,10464347.373955697,12.487444815149917,,,,,,,
2022-10-01,서울,158.569559547498,500007,서울,서울,2022년 10월,202210,-4.681569725616641,-16.910413721295825,3.0,4.01,902667.0,-16.910413721295825,-0.5210081699846936,2.25,2.93,,10569863.071367716,13.295397061663916,,,,,,,
2022-11-01,서울,150.063788443533,500007,서울,서울,2022년 11월,202211,-5.364063019559029,-20.123724485381743,3.25,4.29,902097.8,-20.123724485381743,-0.921712585718959,2.5,2.98,,10663948.52990944,13.745452561894567,,,,,,,
2022-12-01,서울,144.428033168009,500007,서울,서울,2022년 12월,202212,-3.755573102597421,-21.75948326200948,3.25,4.22,902574.8,-21.75948326200948,-0.8273881395430283,2.5,3.38,,10744397.06589646,13.819159173183415,,,,,,,
2023-01-01,서울,145.749770470528,500007,서울,서울,2023년 1월,202301,0.915152878237624,-20.70030603340464,3.5,3.83,898174.1,-20.70030603340464,-1.223263417065401,3.0,4.01,,10808766.65661969,13.5126466247244,,,,,,,
2023-02-01,서울,148.798947697654,500007,서울,서울,2023년 2월,202302,2.092063141699807,-18.12652487515728,3.5,3.54,895253.1,-18.12652487515728,-1.411878327096694,3.25,4.29,,10854265.285276683,12.832317565626727,56587.0,49776.0,27726.0,134089.0,42.20107540514137,,
2023-03-01,서울,150.952709987431,500007,서울,서울,2023년 3월,202303,1.4474311297908216,-18.220109589484743,3.5,3.56,890451.5,-18.220109589484743,-1.672780107601557,3.25,4.22,,10877640.269291613,11.792219376440972,60752.0,44337.0,25495.0,130584.0,46.523310665931504,,
2023-04-01,서울,153.244555257209,500007,서울,서울,2023년 4월,202304,1.518253809400849,-17.38272036132701,3.5,3.43,888629.2,-17.38272036132701,-1.9314109681576763,3.5,3.83,,10875052.601102814,10.409235258110172,63300.0,40724.0,24103.0,128127.0,49.404106862722145,,
2023-05-01,서울,155.03010442153,500007,서울,서울,2023년 5월,202305,1.1651632003004009,-15.40721180087592,3.5,3.56,891028.1,-15.40721180087592,-1.6228950199237755,3.5,3.54,,10842138.639387766,8.693529642919051,64439.0,36856.0,22294.0,123589.0,52.13975353793623,,
2023-06-01,서울,157.66846030043,500007,서울,서울,2023년 6월,202306,1.7018345493248654,-14.002633664097075,3.5,3.69,894500.1,-14.002633664097075,-1.213085504289202,3.5,3.56,,10773835.256531123,6.64847762831271,67150.0,34261.0,20519.0,121930.0,55.07258262937751,,
2023-07-01,서울,159.368390886342,500007,서울,서울,2023년 7월,202307,1.078167810272812,-9.616726713546065,3.5,3.68,898219.0,-9.616726713546065,-0.6430082120986835,3.5,3.43,,10664500.870568799,4.267231583980413,67242.0,31159.0,19169.0,117570.0,57.193161520796124,,
2023-08-01,서울,161.37624110745,500007,서울,서울,2023년 8월,202308,1.2598798356067586,-5.551426618820732,3.5,3.65,901841.1,-5.551426618820732,-0.2177450968351646,3.5,3.56,,10507991.500932394,1.5300563889514507,71226.0,31050.0,18920.0,121196.0,58.76926631241955,,
2023-09-01,서울,162.920141955535,500007,서울,서울,2023년 9월,202309,0.9567088918975396,-2.0663724134918127,3.5,3.81,904548.2,-2.0663724134918127,0.1774303028718948,3.5,3.69,,10298045.160273086,-1.5892268073641524,73141.0,30229.0,18532.0,121902.0,59.999835933782876,,
2023-10-01,서울,162.902805770493,500007,서울,서울,2023년 10월,202310,-0.0106409096100268,2.732710007747108,3.5,3.95,909710.1,2.732710007747108,0.780254512461398,3.5,3.68,,10028680.812628113,-5.120049853867936,78406.0,33009.0,19444.0,130859.0,59.91639856639589,,
2023-11-01,서울,160.529600557162,500007,서울,서울,2023년 11월,202311,-1.4568227981748172,6.974242235372552,3.5,3.99,914209.6,6.974242235372552,1.342626043428985,3.5,3.65,,9694767.722098337,-9.088386024114959,78490.0,35892.0,20808.0,135190.0,58.059028034617945,,
2023-12-01,서울,158.432317576572,500007,서울,서울,2023년 12월,202312,-1.306477418065466,9.696375489841502,3.5,3.85,915958.7,9.696375489841502,1.4828577088569217,3.5,3.81,,9292957.236811249,-13.508806684855246,75117.0,35305.0,19641.0,130063.0,57.75431906076286,,
2024-01-01,서울,158.846430439106,500007,서울,서울,2024년 1월,202401,0.2613815595633451,8.985715673031724,3.5,3.67,919685.2,8.985715673031724,2.3949811066696247,3.5,3.95,,8822250.857216118,-18.378746276171633,77850.0,34675.0,19426.0,131951.0,58.99917393577919,,
2024-02-01,서울,159.676351102394,500007,서울,서울,2024년 2월,202402,0.5224673044234018,7.310134630012222,3.5,3.63,921520.3,7.310134630012222,2.9340529510593294,3.5,3.99,,8284782.221299072,-23.672565544007828,79388.0,32914.0,18612.0,130914.0,60.641337060971324,-2.3678303216520424,40.29370703518475
2024-03-01,서울,159.796865550797,500007,서울,서울,2024년 3월,202403,0.0754741998868269,5.858891545638634,3.5,3.58,919202.8,5.858891545638634,3.228845142043113,3.5,3.85,,7686293.981887021,-29.338590065475866,82514.0,31468.0,18253.0,132235.0,62.3995160131584,1.2643202842614665,35.82104292862787
2024-04-01,서울,160.83625034205,500007,서울,서울,2024년 4월,202404,0.6504412884885902,4.953973778774024,3.5,3.53,924583.8,4.953973778774024,4.046074560682911,3.5,3.67,,7036383.882048494,-35.29793243174796,83493.0,29821.0,17563.0,130877.0,63.795013638760054,2.14630796007087,31.900473933649298
2024-05-01,서울,162.056693482377,500007,서울,서울,2024년 5월,202405,0.7588109880275695,4.532402972355332,3.5,3.55,930889.4,4.532402972355332,4.473629956226977,3.5,3.63,,6348353.239681371,-41.44740764871967,84228.0,28552.0,16974.0,129754.0,64.91360574625831,4.9883080209403685,30.709663402597798
2024-06-01,서울,164.32932631605,500007,서울,서울,2024년 6월,202406,1.4023690011422565,4.22460269030851,3.5,3.51,936505.0,4.22460269030851,4.695907803699528,3.5,3.58,,5638280.83630438,-47.666910602828814,82039.0,27862.0,15880.0,125781.0,65.22368243216384,3.158369556302798,22.172747580044682
2024-07-01,서울,167.842230271978,500007,서울,서울,2024년 7월,202407,2.137721875139764,5.317139326379561,3.5,3.41,942675.3,5.317139326379561,4.949383168247401,3.5,3.53,,,,79648.0,26920.0,14909.0,121477.0,65.56632119660512,3.3231266479543997,18.449778412301843
2024-08-01,서울,170.59615441828,500007,서울,서울,2024년 8월,202408,1.640781430179672,5.713302805641041,3.5,3.35,952792.7,5.713302805641041,5.649731421644,3.5,3.55,,,,80545.0,26822.0,15016.0,122383.0,65.81387937867187,0.9794052608997017,13.083705388481736
2024-09-01,서울,171.119588434912,500007,서울,서울,2024년 9월,202409,0.306826386806236,5.032800966755135,3.5,3.4,959175.6,5.032800966755135,6.03919172024221,3.5,3.51,,,,82684.0,28406.0,15851.0,126941.0,65.135771736476,4.1336483404702085,13.047401594181096
2024-10-01,서울,171.064598004565,500007,서울,서울,2024년 10월,202410,-0.032135672397271,5.010222012732446,3.25,3.37,962163.6,5.010222012732446,5.765957748517914,3.5,3.41,,,,87319.0,31684.0,18678.0,137681.0,63.42124185617478,5.213244790194027,11.367752467923363
2024-11-01,서울,171.010630904909,500007,서울,서울,2024년 11월,202411,-0.0315477897154137,6.5290328458861735,3.0,3.35,965184.3,6.5290328458861735,5.575821999681474,3.5,3.35,,,,89632.0,33017.0,19880.0,142529.0,62.88685109696974,5.428655965677942,14.195438909415214
2024-12-01,서울,170.225653867926,500007,서울,서울,2024년 12월,202412,-0.4590223618433753,7.443769346903717,3.0,3.21,966097.2,7.443769346903717,5.473882173945177,3.5,3.4,,,,87754.0,31466.0,19762.0,138982.0,63.1405505748946,6.857446006935097,16.823089314003493
